wavenumber,intensity
473.498317310172,1.657085504440
474.236434000792,1.665046663558
474.974550691411,1.673007822677
475.712667382031,1.680968981796
476.450784072651,1.688930140915
477.188900763271,1.696891300034
477.927017453890,1.704852459153
478.665134144510,1.712813618271
479.403250835130,1.724447986608
480.141367525750,1.737619751969
480.879484216370,1.749488505303
481.617600906989,1.763476758425
482.355717597609,1.781559600565
483.093834288229,1.799627967239
483.831950978849,1.821533638019
484.570067669468,1.842793276739
485.308184360088,1.864724556764
486.046301050708,1.886790642179
486.784417741328,1.910126027733
487.522534431948,1.938771203079
488.260651122567,1.966762596914
488.998767813187,1.992251203295
489.736884503807,2.013474321788
490.475001194427,2.029724553239
491.213117885046,2.045315668869
491.951234575666,2.062105383432
492.689351266286,2.076004823096
493.427467956906,2.088205643092
494.165584647525,2.095090963255
494.903701338145,2.095665340886
495.641818028765,2.094866911461
496.379934719385,2.092246170133
497.118051410005,2.087541288452
497.856168100624,2.076613222360
498.594284791244,2.058269225117
499.332401481864,2.035270356120
500.070518172484,2.012102332595
500.808634863103,1.991735743577
501.546751553723,1.970932324309
502.284868244343,1.948650990966
503.022984934963,1.925590523093
503.761101625583,1.902693109792
504.499218316202,1.880957860746
505.237335006822,1.858044182735
505.975451697442,1.832579605791
506.713568388062,1.807217681205
507.451685078681,1.783340749170
508.189801769301,1.761144566199
508.927918459921,1.742021862556
509.666035150541,1.723356158964
510.404151841160,1.705949160209
511.142268531780,1.688003763964
511.880385222400,1.672414808168
512.618501913020,1.661964723003
513.356618603640,1.654310348453
514.094735294259,1.645206719952
514.832851984879,1.630925290911
515.570968675499,1.617619964245
516.309085366119,1.608911490021
517.047202056738,1.602256068642
517.785318747358,1.596517946212
518.523435437978,1.590386360021
519.261552128598,1.584363605019
519.999668819218,1.580532522039
520.737785509837,1.579093076659
521.475902200457,1.578720888895
522.214018891077,1.578532831595
522.952135581697,1.575991172988
523.690252272316,1.567752742378
524.428368962936,1.555158975064
525.166485653556,1.542448641186
525.904602344176,1.538478194541
526.642719034795,1.535557233231
527.380835725415,1.532091974704
528.118952416035,1.525162579550
528.857069106655,1.516726958343
529.595185797275,1.509721075590
530.333302487894,1.504159036624
531.071419178514,1.496677150787
531.809535869134,1.487810940355
532.547652559754,1.477067152155
533.285769250373,1.466437109830
534.023885940993,1.455643717115
534.762002631613,1.446463520542
535.500119322233,1.439796124151
536.238236012852,1.436896265778
536.976352703472,1.427855547247
537.714469394092,1.417235456896
538.452586084712,1.409965998136
539.190702775332,1.407003747545
539.928819465951,1.403777135164
540.666936156571,1.399198619303
541.405052847191,1.395363536702
542.143169537811,1.389159853889
542.881286228430,1.385122532211
543.619402919050,1.382926957878
544.357519609670,1.377965877194
545.095636300290,1.377833841162
545.833752990909,1.380049093381
546.571869681529,1.379611770777
547.309986372149,1.374844869296
548.048103062769,1.372718045726
548.786219753389,1.371904791281
549.524336444008,1.370708791644
550.262453134628,1.372121480392
551.000569825248,1.374822389247
551.738686515868,1.375670729145
552.476803206487,1.373216803530
553.214919897107,1.373966625592
553.953036587727,1.374151618962
554.691153278347,1.371684123219
555.429269968967,1.373731602168
556.167386659586,1.369933929484
556.905503350206,1.361499141005
557.643620040826,1.353969301370
558.381736731446,1.349622446538
559.119853422065,1.345994351333
559.857970112685,1.341010615286
560.596086803305,1.331906942930
561.334203493925,1.316643133629
562.072320184545,1.301752596802
562.810436875164,1.293962254423
563.548553565784,1.285819721708
564.286670256404,1.276378201968
565.024786947024,1.266924398183
565.762903637643,1.259829140905
566.501020328263,1.251783137032
567.239137018883,1.245758861919
567.977253709503,1.242327184687
568.715370400122,1.241825706279
569.453487090742,1.237391296123
570.191603781362,1.231460828975
570.929720471982,1.228762503624
571.667837162602,1.229750657600
572.405953853221,1.234428782851
573.144070543841,1.239550908770
573.882187234461,1.241914955695
574.620303925081,1.244584958214
575.358420615700,1.249041525607
576.096537306320,1.255850531273
576.834653996940,1.263928920563
577.572770687560,1.268195451213
578.310887378179,1.271932098989
579.049004068799,1.279067151623
579.787120759419,1.290514781394
580.525237450039,1.304930422685
581.263354140659,1.318776542744
582.001470831278,1.329205294459
582.739587521898,1.338719677095
583.477704212518,1.349516447243
584.215820903138,1.361397317591
584.953937593757,1.371204929105
585.692054284377,1.386399955894
586.430170974997,1.402187941831
587.168287665617,1.414553475973
587.906404356237,1.426652910082
588.644521046856,1.440447623070
589.382637737476,1.454710657656
590.120754428096,1.467343917694
590.858871118716,1.471049588277
591.596987809335,1.474781462792
592.335104499955,1.480709703809
593.073221190575,1.486467576058
593.811337881195,1.486390253127
594.549454571815,1.483012013693
595.287571262434,1.479344526599
596.025687953054,1.479032465620
596.763804643674,1.473463891106
597.501921334294,1.468245364195
598.240038024913,1.467210270127
598.978154715533,1.458774660744
599.716271406153,1.449543035901
600.454388096773,1.440050786834
601.192504787392,1.429055997042
601.930621478012,1.420631402004
602.668738168632,1.411658236129
603.406854859252,1.402020647530
604.144971549872,1.394051009755
604.883088240491,1.391764110931
605.621204931111,1.390197238297
606.359321621731,1.385804554760
607.097438312351,1.377401658405
607.835555002970,1.371768522216
608.573671693590,1.365756672292
609.311788384210,1.358108050424
610.049905074830,1.360107304365
610.788021765449,1.364402280758
611.526138456069,1.367640772332
612.264255146689,1.368924009133
613.002371837309,1.374619955399
613.740488527929,1.381740739348
614.478605218548,1.388798928970
615.216721909168,1.394875248781
615.954838599788,1.401704943281
616.692955290408,1.414539948074
617.431071981027,1.433694995158
618.169188671647,1.454498169945
618.907305362267,1.473127494705
619.645422052887,1.492946580867
620.383538743507,1.514770994919
621.121655434126,1.532857071341
621.859772124746,1.553930611996
622.597888815366,1.578992873263
623.336005505986,1.608473616648
624.074122196605,1.638680503942
624.812238887225,1.669606785320
625.550355577845,1.702527436357
626.288472268465,1.738337168036
627.026588959085,1.776354962195
627.764705649704,1.808944657455
628.502822340324,1.838050776639
629.240939030944,1.870814565347
629.979055721564,1.906614580945
630.717172412183,1.940067428770
631.455289102803,1.970335883444
632.193405793423,2.001117535497
632.931522484043,2.028873891594
633.669639174662,2.054385985449
634.407755865282,2.078463194024
635.145872555902,2.099508988098
635.883989246522,2.119116897226
636.622105937141,2.135052851782
637.360222627761,2.146315646182
638.098339318381,2.155072516178
638.836456009001,2.159802557284
639.574572699621,2.159364812648
640.312689390240,2.151684747745
641.050806080860,2.140316780086
641.788922771480,2.126265691231
642.527039462100,2.109560339384
643.265156152719,2.089551973322
644.003272843339,2.068050804268
644.741389533959,2.044198745243
645.479506224579,2.018412166732
646.217622915198,1.990729874641
646.955739605818,1.961376590464
647.693856296438,1.931640942862
648.431972987058,1.900687707822
649.170089677678,1.865669235127
649.908206368297,1.835287292159
650.646323058917,1.807847696997
651.384439749537,1.782959718083
652.122556440157,1.760142663318
652.860673130776,1.738941608936
653.598789821396,1.720141301070
654.336906512016,1.703823031759
655.075023202636,1.688005767254
655.813139893256,1.671676635206
656.551256583875,1.655510554775
657.289373274495,1.639358673211
658.027489965115,1.623794015245
658.765606655735,1.608988593854
659.503723346354,1.598824657937
660.241840036974,1.594399071628
660.979956727594,1.591205852320
661.718073418214,1.588305884892
662.456190108834,1.583441956812
663.194306799453,1.576142428750
663.932423490073,1.571981706042
664.670540180693,1.566413715170
665.408656871313,1.561563208363
666.146773561932,1.557238161144
666.884890252552,1.553286330616
667.623006943172,1.549504248762
668.361123633792,1.544689498372
669.099240324412,1.538902076194
669.837357015031,1.533382564888
670.575473705651,1.527472975331
671.313590396271,1.518269429269
672.051707086891,1.506197556250
672.789823777510,1.495067187213
673.527940468130,1.485685343507
674.266057158750,1.477061899261
675.004173849370,1.465359766006
675.742290539989,1.452748330202
676.480407230609,1.439484307863
677.218523921229,1.424737443876
677.956640611849,1.411496554036
678.694757302469,1.401315087753
679.432873993088,1.391512040059
680.170990683708,1.382521008338
680.909107374328,1.373966543656
681.647224064948,1.364066337512
682.385340755567,1.353123714901
683.123457446187,1.342494719865
683.861574136807,1.330388146543
684.599690827427,1.315786641110
685.337807518046,1.298705328004
686.075924208666,1.281671420518
686.814040899286,1.266799761888
687.552157589906,1.248317169593
688.290274280526,1.232604853235
689.028390971145,1.217338344893
689.766507661765,1.198064032915
690.504624352385,1.177052597481
691.242741043005,1.159546580296
691.980857733624,1.141405586493
692.718974424244,1.120082924795
693.457091114864,1.099058158727
694.195207805484,1.078169654371
694.933324496104,1.058818094477
695.671441186723,1.042545927018
696.409557877343,1.027221249784
697.147674567963,1.011748243874
697.885791258583,0.996383486558
698.623907949202,0.985532091029
699.362024639822,0.976527528980
700.100141330442,0.966248999718
700.838258021062,0.956590575080
701.576374711681,0.949647371649
702.314491402301,0.941586052375
703.052608092921,0.934399450377
703.790724783541,0.931787980192
704.528841474161,0.930737680727
705.266958164780,0.926471557867
706.005074855400,0.924977887567
706.743191546020,0.922875001909
707.481308236640,0.921656764882
708.219424927259,0.921988081152
708.957541617879,0.923546943738
709.695658308499,0.923929404302
710.433774999119,0.919675021488
711.171891689738,0.916096126171
711.910008380358,0.915219585108
712.648125070978,0.914100569630
713.386241761598,0.910991531886
714.124358452218,0.908475929011
714.862475142837,0.905382314538
715.600591833457,0.903521290974
716.338708524077,0.905226073524
717.076825214697,0.900986952042
717.814941905316,0.896727102129
718.553058595936,0.894617117862
719.291175286556,0.893949912648
720.029291977176,0.894269600754
720.767408667796,0.893406472939
721.505525358415,0.894501361750
722.243642049035,0.895603448944
722.981758739655,0.893506328078
723.719875430275,0.892852550794
724.457992120894,0.891018335332
725.196108811514,0.889749689511
725.934225502134,0.889475811932
726.672342192754,0.885725615093
727.410458883374,0.883991681732
728.148575573993,0.883341316113
728.886692264613,0.880577007295
729.624808955233,0.877625672330
730.362925645853,0.872347855595
731.101042336472,0.866261270047
731.839159027092,0.861517531689
732.577275717712,0.852696723255
733.315392408332,0.848764899652
734.053509098952,0.847741525795
734.791625789571,0.845863921684
735.529742480191,0.845864373448
736.267859170811,0.844415575231
737.005975861431,0.840652697737
737.744092552050,0.839139943035
738.482209242670,0.836372481414
739.220325933290,0.831799309524
739.958442623910,0.829190804620
740.696559314529,0.825910638348
741.434676005149,0.823335984478
742.172792695769,0.819618038978
742.910909386389,0.820731886889
743.649026077009,0.825841025186
744.387142767628,0.823911191441
745.125259458248,0.816352669982
745.863376148868,0.810485238393
746.601492839487,0.803237233554
747.339609530107,0.795010286380
748.077726220727,0.789563880700
748.815842911347,0.783331405880
749.553959601967,0.777217635491
750.292076292586,0.775401674295
751.030192983206,0.774866117780
751.768309673826,0.772147539135
752.506426364446,0.770200551051
753.244543055066,0.769385802171
753.982659745685,0.763205258811
754.720776436305,0.755440460711
755.458893126925,0.749933390287
756.197009817545,0.749541207553
756.935126508164,0.748686117699
757.673243198784,0.749114927708
758.411359889404,0.753609894250
759.149476580024,0.756080372457
759.887593270643,0.757961253022
760.625709961263,0.758251613363
761.363826651883,0.760657268988
762.101943342503,0.760078526398
762.840060033123,0.759105953735
763.578176723742,0.758284508346
764.316293414362,0.755837308729
765.054410104982,0.756074370528
765.792526795602,0.757481538302
766.530643486221,0.757685468997
767.268760176841,0.755914487845
768.006876867461,0.751404237880
768.744993558081,0.746626254142
769.483110248701,0.739501011133
770.221226939320,0.730693827371
770.959343629940,0.723804070615
771.697460320560,0.717873469684
772.435577011180,0.708102550432
773.173693701799,0.699820971603
773.911810392419,0.693376126480
774.649927083039,0.686444966971
775.388043773659,0.682268009699
776.126160464278,0.678630938997
776.864277154898,0.674717287210
777.602393845518,0.671942924002
778.340510536138,0.671080367001
779.078627226758,0.672199024518
779.816743917377,0.669654178389
780.554860607997,0.668581284878
781.292977298617,0.669256494209
782.031093989237,0.669656038946
782.769210679856,0.672943542100
783.507327370476,0.679385107814
784.245444061096,0.684794195494
784.983560751716,0.689038884780
785.721677442335,0.693404970701
786.459794132955,0.698551033508
787.197910823575,0.701701930765
787.936027514195,0.704546968831
788.674144204815,0.707349850107
789.412260895434,0.706541384559
790.150377586054,0.709126917263
790.888494276674,0.718737381668
791.626610967294,0.727358985755
792.364727657913,0.733181226409
793.102844348533,0.737165641444
793.840961039153,0.742259121421
794.579077729773,0.750101175032
795.317194420393,0.763791454297
796.055311111012,0.780912669472
796.793427801632,0.794658927755
797.531544492252,0.805734896813
798.269661182872,0.818855206591
799.007777873491,0.834998145165
799.745894564111,0.852506589257
800.484011254731,0.874495373791
801.222127945351,0.893827393556
801.960244635970,0.910413406940
802.698361326590,0.926936396562
803.436478017210,0.944669640850
804.174594707830,0.962275056288
804.912711398450,0.974580451840
805.650828089069,0.979890523127
806.388944779689,0.985022698715
807.127061470309,0.987086934258
807.865178160929,0.989996644047
808.603294851549,0.995602624996
809.341411542168,0.995393442892
810.079528232788,0.991099764832
810.817644923408,0.984540639383
811.555761614027,0.974268351047
812.293878304647,0.962015648815
813.031994995267,0.947466799039
813.770111685887,0.931510323281
814.508228376507,0.916658278358
815.246345067126,0.903028081251
815.984461757746,0.889471275101
816.722578448366,0.876626035971
817.460695138986,0.859053153810
818.198811829605,0.842722943237
818.936928520225,0.828881970479
819.675045210845,0.809952324850
820.413161901465,0.793514661279
821.151278592085,0.777401829017
821.889395282704,0.759710491649
822.627511973324,0.747598509751
823.365628663944,0.737088515198
824.103745354564,0.728616414454
824.841862045183,0.720875819322
825.579978735803,0.712007505851
826.318095426423,0.701082446007
827.056212117043,0.692734620240
827.794328807663,0.687940640957
828.532445498282,0.683974144164
829.270562188902,0.684983460738
830.008678879522,0.682025835111
830.746795570142,0.678742720356
831.484912260761,0.677089507845
832.223028951381,0.676935921211
832.961145642001,0.682582120432
833.699262332621,0.686204218621
834.437379023241,0.688863480966
835.175495713860,0.690418160596
835.913612404480,0.689111683676
836.651729095100,0.688218743757
837.389845785720,0.689256022111
838.127962476339,0.688966826669
838.866079166959,0.687896074338
839.604195857579,0.683945233223
840.342312548199,0.673227511586
841.080429238818,0.666073899788
841.818545929438,0.663953703892
842.556662620058,0.659295626567
843.294779310678,0.653699200740
844.032896001298,0.644051422948
844.771012691917,0.631434492048
845.509129382537,0.619809182358
846.247246073157,0.610568718565
846.985362763777,0.602701282509
847.723479454396,0.593958735049
848.461596145016,0.585513297956
849.199712835636,0.576694208900
849.937829526256,0.570494212267
850.675946216875,0.565827167157
851.414062907495,0.559876956477
852.152179598115,0.555512188991
852.890296288735,0.548811197893
853.628412979355,0.544222119629
854.366529669974,0.538515968209
855.104646360594,0.532386387565
855.842763051214,0.530843036947
856.580879741834,0.528982564891
857.318996432453,0.525689323736
858.057113123073,0.524326521716
858.795229813693,0.525437281953
859.533346504313,0.521953117691
860.271463194932,0.519975978820
861.009579885552,0.515503727528
861.747696576172,0.512963711626
862.485813266792,0.512399183926
863.223929957412,0.509448630248
863.962046648031,0.506792896159
864.700163338651,0.504164788475
865.438280029271,0.502748179772
866.176396719891,0.501552087313
866.914513410510,0.499523800428
867.652630101130,0.496670245414
868.390746791750,0.493047538507
869.128863482370,0.489629269381
869.866980172990,0.488509714552
870.605096863609,0.492466079752
871.343213554229,0.496730061568
872.081330244849,0.500274067557
872.819446935469,0.501731419776
873.557563626088,0.502888704771
874.295680316708,0.505615317086
875.033797007328,0.509814724529
875.771913697948,0.514952771355
876.510030388567,0.521028547463
877.248147079187,0.528959973293
877.986263769807,0.533983906292
878.724380460427,0.538626968518
879.462497151047,0.544804786915
880.200613841666,0.553828045721
880.938730532286,0.556894424806
881.676847222906,0.558032858443
882.414963913526,0.559748229925
883.153080604145,0.564918944615
883.891197294765,0.567306369585
884.629313985385,0.574469970449
885.367430676005,0.581353849028
886.105547366624,0.585846860999
886.843664057244,0.590579618968
887.581780747864,0.591453360886
888.319897438484,0.592271733334
889.058014129104,0.594327798218
889.796130819723,0.596874787222
890.534247510343,0.598860949628
891.272364200963,0.596166135821
892.010480891583,0.593912506835
892.748597582202,0.593429921522
893.486714272822,0.592847632428
894.224830963442,0.583159445404
894.962947654062,0.580043496605
895.701064344682,0.574093323303
896.439181035301,0.566161523544
897.177297725921,0.557075683145
897.915414416541,0.546104085508
898.653531107161,0.539168928400
899.391647797780,0.532927710518
900.129764488400,0.525930656139
900.867881179020,0.517214503174
901.605997869640,0.509643933851
902.344114560260,0.504514545374
903.082231250879,0.500688914007
903.820347941499,0.494954171143
904.558464632119,0.487326984123
905.296581322739,0.485227600501
906.034698013358,0.481803406698
906.772814703978,0.479363024110
907.510931394598,0.478748507526
908.249048085218,0.478380687763
908.987164775838,0.479218092680
909.725281466457,0.478335922769
910.463398157077,0.475022757474
911.201514847697,0.471509905633
911.939631538317,0.471937464378
912.677748228936,0.471112695820
913.415864919556,0.470165452804
914.153981610176,0.471257156468
914.892098300796,0.474078238533
915.630214991415,0.475536697286
916.368331682035,0.474568477109
917.106448372655,0.473919475135
917.844565063275,0.472667851484
918.582681753895,0.470619986175
919.320798444514,0.470623307919
920.058915135134,0.475345811397
920.797031825754,0.479633464861
921.535148516374,0.483896073290
922.273265206993,0.488088045619
923.011381897613,0.486878727372
923.749498588233,0.489265647781
924.487615278853,0.492512891913
925.225731969472,0.494608262663
925.963848660092,0.495430063070
926.701965350712,0.498056174040
927.440082041332,0.502468515368
928.178198731952,0.505049553894
928.916315422571,0.507816599346
929.654432113191,0.513114472540
930.392548803811,0.518832657729
931.130665494431,0.516263624732
931.868782185050,0.515813887607
932.606898875670,0.518215885569
933.345015566290,0.521190766886
934.083132256910,0.525707288661
934.821248947530,0.531675520468
935.559365638149,0.533771131170
936.297482328769,0.534011600322
937.035599019389,0.536004957535
937.773715710009,0.539494105467
938.511832400628,0.542755691509
939.249949091248,0.547546083942
939.988065781868,0.552966768396
940.726182472488,0.556698426187
941.464299163107,0.556947480680
942.202415853727,0.563016876986
942.940532544347,0.567024357523
943.678649234967,0.569728335799
944.416765925587,0.573660253032
945.154882616206,0.578586327766
945.892999306826,0.580533540780
946.631115997446,0.584374852964
947.369232688066,0.589738455602
948.107349378685,0.594328478281
948.845466069305,0.597353143497
949.583582759925,0.600529721640
950.321699450545,0.600466106851
951.059816141164,0.598094276360
951.797932831784,0.595003150741
952.536049522404,0.592848101575
953.274166213024,0.585715989957
954.012282903644,0.579071754508
954.750399594263,0.570092325527
955.488516284883,0.558300158685
956.226632975503,0.548230553362
956.964749666123,0.535704206075
957.702866356742,0.521122669974
958.440983047362,0.507895908387
959.179099737982,0.494014013868
959.917216428602,0.475305965576
960.655333119221,0.455794359341
961.393449809841,0.437583341200
962.131566500461,0.420121774471
962.869683191081,0.402304637185
963.607799881701,0.385126792189
964.345916572320,0.370330010122
965.084033262940,0.356531090003
965.822149953560,0.343892914619
966.560266644180,0.331154005850
967.298383334799,0.316537596397
968.036500025419,0.303746132021
968.774616716039,0.295142722259
969.512733406659,0.285527355955
970.250850097279,0.275093290905
970.988966787898,0.267573046454
971.727083478518,0.260455352150
972.465200169138,0.253655331636
973.203316859758,0.247381676701
973.941433550377,0.240705895581
974.679550240997,0.233943668700
975.417666931617,0.226863376429
976.155783622237,0.222069214475
976.893900312857,0.217347223797
977.632017003476,0.215107005032
978.370133694096,0.216078738674
979.108250384716,0.216935356755
979.846367075336,0.211733293946
980.584483765955,0.206434083541
981.322600456575,0.203527487204
982.060717147195,0.202868460033
982.798833837815,0.202781660401
983.536950528435,0.204123035102
984.275067219054,0.206542085096
985.013183909674,0.208998041830
985.751300600294,0.211162233549
986.489417290914,0.213822881384
987.227533981533,0.217380264378
987.965650672153,0.219250869659
988.703767362773,0.220723215467
989.441884053393,0.222968923508
990.180000744012,0.225323843799
990.918117434632,0.229994818327
991.656234125252,0.233811355582
992.394350815872,0.237984655689
993.132467506491,0.245579133169
993.870584197111,0.253545009859
994.608700887731,0.259924426768
995.346817578351,0.268308160048
996.084934268971,0.276284909674
996.823050959590,0.287508792571
997.561167650210,0.299335415772
998.299284340830,0.308610576699
999.037401031450,0.321586556413
999.775517722069,0.331837967144
1000.513634412690,0.340931692611
1001.251751103310,0.349693616535
1001.989867793930,0.361298006234
1002.727984484550,0.374707482607
1003.466101175170,0.385405220056
1004.204217865790,0.395592278999
1004.942334556410,0.405972442182
1005.680451247030,0.417664227882
1006.418567937650,0.427943687743
1007.156684628270,0.442930284045
1007.894801318890,0.452374614566
1008.632918009510,0.463617323318
1009.371034700130,0.474044275551
1010.109151390750,0.483201461446
1010.847268081370,0.496343676190
1011.585384771990,0.511637902038
1012.323501462610,0.523765935984
1013.061618153230,0.533231652687
1013.799734843850,0.541986867082
1014.537851534460,0.553933853374
1015.275968225080,0.565298708410
1016.014084915700,0.580308436489
1016.752201606320,0.589274721221
1017.490318296940,0.593890334434
1018.228434987560,0.594381302280
1018.966551678180,0.599423726765
1019.704668368800,0.606056327226
1020.442785059420,0.609872071741
1021.180901750040,0.610915191033
1021.919018440660,0.611991471906
1022.657135131280,0.611994875362
1023.395251821900,0.613866370657
1024.133368512520,0.614369708170
1024.871485203140,0.613480089341
1025.609601893760,0.609638349303
1026.347718584380,0.602542701073
1027.085835275000,0.591363510783
1027.823951965620,0.585443589881
1028.562068656240,0.577214664918
1029.300185346860,0.571201217832
1030.038302037480,0.564661568524
1030.776418728100,0.552761294661
1031.514535418720,0.542430140725
1032.252652109340,0.532472789771
1032.990768799960,0.525497545812
1033.728885490580,0.512079837557
1034.467002181200,0.499138903044
1035.205118871820,0.493038957926
1035.943235562440,0.490823405031
1036.681352253060,0.487286159615
1037.419468943680,0.487255297255
1038.157585634300,0.489459330216
1038.895702324920,0.494077697825
1039.633819015540,0.504703496086
1040.371935706160,0.514745566498
1041.110052396780,0.529301195966
1041.848169087400,0.544322946449
1042.586285778020,0.563395220621
1043.324402468640,0.590827172724
1044.062519159260,0.618647169770
1044.800635849880,0.650557043690
1045.538752540500,0.686017799882
1046.276869231120,0.724878255320
1047.014985921730,0.764658286133
1047.753102612350,0.805594659570
1048.491219302970,0.840600385029
1049.229335993590,0.877338892954
1049.967452684210,0.916198129715
1050.705569374830,0.953826340980
1051.443686065450,0.988908214362
1052.181802756070,1.016891269061
1052.919919446690,1.042231058751
1053.658036137310,1.060588936171
1054.396152827930,1.073462222730
1055.134269518550,1.075928752165
1055.872386209170,1.074652046120
1056.610502899790,1.068489993749
1057.348619590410,1.051045394605
1058.086736281030,1.031238293962
1058.824852971650,1.006795775650
1059.562969662270,0.981810767215
1060.301086352890,0.948087707191
1061.039203043510,0.905223982544
1061.777319734130,0.861764104589
1062.515436424750,0.816499380862
1063.253553115370,0.772461683277
1063.991669805990,0.728688633692
1064.729786496610,0.687298607584
1065.467903187230,0.645384342712
1066.206019877850,0.605963076620
1066.944136568470,0.567056900516
1067.682253259090,0.532638392828
1068.420369949710,0.501051605923
1069.158486640330,0.466913719788
1069.896603330950,0.440571850958
1070.634720021570,0.419591279279
1071.372836712190,0.396769542009
1072.110953402810,0.380188531662
1072.849070093430,0.364398429480
1073.587186784050,0.349876250038
1074.325303474670,0.333345695510
1075.063420165290,0.318802291310
1075.801536855910,0.302705240471
1076.539653546530,0.291514136391
1077.277770237150,0.286174847803
1078.015886927770,0.283593256618
1078.754003618390,0.276232175720
1079.492120309000,0.268581340011
1080.230236999620,0.258948679428
1080.968353690240,0.247584325072
1081.706470380860,0.233893764603
1082.444587071480,0.226644309976
1083.182703762100,0.218467538902
1083.920820452720,0.207736885885
1084.658937143340,0.203618547252
1085.397053833960,0.200161501061
1086.135170524580,0.195590349322
1086.873287215200,0.191918285705
1087.611403905820,0.181789923113
1088.349520596440,0.171813622201
1089.087637287060,0.161291046027
1089.825753977680,0.153355285844
1090.563870668300,0.144150784221
1091.301987358920,0.136862534004
1092.040104049540,0.130389875463
1092.778220740160,0.123076108624
1093.516337430780,0.118711845978
1094.254454121400,0.113178869132
1094.992570812020,0.109056407335
1095.730687502640,0.100673132792
1096.468804193260,0.095514377160
1097.206920883880,0.092413584696
1097.945037574500,0.089666429821
1098.683154265120,0.085233223680
1099.421270955740,0.076724942468
1100.159387646360,0.069633365839
1100.897504336980,0.063122686010
1101.635621027600,0.060343186091
1102.373737718220,0.056266841272
1103.111854408840,0.055513666401
1103.849971099460,0.053719347523
1104.588087790080,0.047416215527
1105.326204480700,0.041642743270
1106.064321171320,0.035094270083
1106.802437861940,0.026557547942
1107.540554552560,0.022674818430
1108.278671243180,0.017241638422
1109.016787933800,0.012093288152
1109.754904624420,0.008139613629
1110.493021315040,0.004846129407
1111.231138005660,0.009693576323
1111.969254696270,0.005870283862
1112.707371386890,0.001582703032
1113.445488077510,0.002297894745
1114.183604768130,-0.001219192653
1114.921721458750,-0.003791875737
1115.659838149370,-0.002532614266
1116.397954839990,0.005365066044
1117.136071530610,0.014357900208
1117.874188221230,0.026809153588
1118.612304911850,0.034361053719
1119.350421602470,0.043261068375
1120.088538293090,0.055163321932
1120.826654983710,0.069169232875
1121.564771674330,0.086352609526
1122.302888364950,0.092817117745
1123.041005055570,0.107227313125
1123.779121746190,0.122897957639
1124.517238436810,0.137360066959
1125.255355127430,0.153519534245
1125.993471818050,0.170121331688
1126.731588508670,0.183367380092
1127.469705199290,0.191726759286
1128.207821889910,0.203709741244
1128.945938580530,0.215981769104
1129.684055271150,0.226809285085
1130.422171961770,0.240288739746
1131.160288652390,0.249419598388
1131.898405343010,0.255183370076
1132.636522033630,0.259196324974
1133.374638724250,0.267962823622
1134.112755414870,0.277553879318
1134.850872105490,0.286123695790
1135.588988796110,0.291193599213
1136.327105486730,0.292597587799
1137.065222177350,0.294556316708
1137.803338867970,0.295062102930
1138.541455558590,0.292215316990
1139.279572249210,0.287610562923
1140.017688939830,0.276887595155
1140.755805630450,0.264843322695
1141.493922321070,0.252115877982
1142.232039011690,0.242612033496
1142.970155702310,0.235401686563
1143.708272392930,0.225461626984
1144.446389083540,0.210625790034
1145.184505774160,0.191230325361
1145.922622464780,0.172187929679
1146.660739155400,0.152657495704
1147.398855846020,0.134496228701
1148.136972536640,0.116111252751
1148.875089227260,0.097857337187
1149.613205917880,0.082819311055
1150.351322608500,0.057736380657
1151.089439299120,0.041605346606
1151.827555989740,0.031434403733
1152.565672680360,0.020796925970
1153.303789370980,0.008860102578
1154.041906061600,-0.005079198300
1154.780022752220,-0.017414475851
1155.518139442840,-0.026913394034
1156.256256133460,-0.034542772769
1156.994372824080,-0.041984539232
1157.732489514700,-0.047304515293
1158.470606205320,-0.054251256144
1159.208722895940,-0.058850484949
1159.946839586560,-0.061252012573
1160.684956277180,-0.068156313657
1161.423072967800,-0.064847224497
1162.161189658420,-0.064374866833
1162.899306349040,-0.068664548101
1163.637423039660,-0.076712773120
1164.375539730280,-0.081492764911
1165.113656420900,-0.082361040733
1165.851773111520,-0.082658450123
1166.589889802140,-0.084869850002
1167.328006492760,-0.087059140972
1168.066123183380,-0.091515701322
1168.804239874000,-0.095629932117
1169.542356564620,-0.095927136459
1170.280473255240,-0.095798144239
1171.018589945860,-0.097956763753
1171.756706636480,-0.097197557041
1172.494823327100,-0.100589286877
1173.232940017720,-0.106175103526
1173.971056708340,-0.106824776650
1174.709173398960,-0.105756294099
1175.447290089580,-0.105632216058
1176.185406780200,-0.108688922920
1176.923523470810,-0.110104412080
1177.661640161430,-0.109490349617
1178.399756852050,-0.109023583409
1179.137873542670,-0.108439700081
1179.875990233290,-0.106319529607
1180.614106923910,-0.104304986809
1181.352223614530,-0.102796850886
1182.090340305150,-0.101639498816
1182.828456995770,-0.102802898376
1183.566573686390,-0.099436028486
1184.304690377010,-0.090680729975
1185.042807067630,-0.085389488046
1185.780923758250,-0.081861686063
1186.519040448870,-0.077105332265
1187.257157139490,-0.071151880846
1187.995273830110,-0.066110581654
1188.733390520730,-0.058991272414
1189.471507211350,-0.049184148268
1190.209623901970,-0.039353123602
1190.947740592590,-0.032183803878
1191.685857283210,-0.022457652451
1192.423973973830,-0.015749313554
1193.162090664450,-0.008183484947
1193.900207355070,0.001062622179
1194.638324045690,0.009570708280
1195.376440736310,0.016447468356
1196.114557426930,0.020252401745
1196.852674117550,0.025903372137
1197.590790808170,0.030975014911
1198.328907498790,0.038837545167
1199.067024189410,0.046636138059
1199.805140880030,0.049061407387
1200.543257570650,0.043672833681
1201.281374261270,0.042144234166
1202.019490951890,0.041933191575
1202.757607642510,0.040672151225
1203.495724333130,0.037736572140
1204.233841023750,0.036807887909
1204.971957714370,0.039547498464
1205.710074404990,0.040445531541
1206.448191095610,0.034090846652
1207.186307786230,0.031534586965
1207.924424476850,0.032030116517
1208.662541167460,0.027570037579
1209.400657858080,0.019047342720
1210.138774548700,0.008740518528
1210.876891239320,0.001288279457
1211.615007929940,0.000788285409
1212.353124620560,-0.003275071405
1213.091241311180,-0.008716606753
1213.829358001800,-0.017157762647
1214.567474692420,-0.020523374403
1215.305591383040,-0.025442526441
1216.043708073660,-0.036483346826
1216.781824764280,-0.047308128193
1217.519941454900,-0.053773320676
1218.258058145520,-0.065577901787
1218.996174836140,-0.077729208374
1219.734291526760,-0.085152304128
1220.472408217380,-0.090382100711
1221.210524908000,-0.095787430712
1221.948641598620,-0.102210854765
1222.686758289240,-0.110574718648
1223.424874979860,-0.118593870002
1224.162991670480,-0.127723957731
1224.901108361100,-0.135032565520
1225.639225051720,-0.143763865347
1226.377341742340,-0.148145687750
1227.115458432960,-0.148872284493
1227.853575123580,-0.153512618522
1228.591691814200,-0.157758506020
1229.329808504820,-0.157307182315
1230.067925195440,-0.156452590090
1230.806041886060,-0.155959407960
1231.544158576680,-0.154825064537
1232.282275267300,-0.154522266754
1233.020391957920,-0.154393560967
1233.758508648540,-0.151676819626
1234.496625339160,-0.152311043482
1235.234742029780,-0.145747961707
1235.972858720400,-0.144626593943
1236.710975411020,-0.143314832399
1237.449092101640,-0.145385718186
1238.187208792260,-0.149467005642
1238.925325482880,-0.150702727031
1239.663442173500,-0.153149911982
1240.401558864120,-0.152859626238
1241.139675554730,-0.158495305971
1241.877792245350,-0.165226198283
1242.615908935970,-0.171186472500
1243.354025626590,-0.176825226184
1244.092142317210,-0.182920478171
1244.830259007830,-0.188865855897
1245.568375698450,-0.188509222176
1246.306492389070,-0.191229226872
1247.044609079690,-0.194415914254
1247.782725770310,-0.197002101920
1248.520842460930,-0.197138837067
1249.258959151550,-0.199000758699
1249.997075842170,-0.202822469779
1250.735192532790,-0.203165115553
1251.473309223410,-0.199967782230
1252.211425914030,-0.195971857590
1252.949542604650,-0.193635630785
1253.687659295270,-0.192291023952
1254.425775985890,-0.190208783109
1255.163892676510,-0.186315770213
1255.902009367130,-0.184707237517
1256.640126057750,-0.186973111980
1257.378242748370,-0.187505558447
1258.116359438990,-0.181288606439
1258.854476129610,-0.181336736959
1259.592592820230,-0.184791562813
1260.330709510850,-0.184913144415
1261.068826201470,-0.179077816946
1261.806942892090,-0.176792650858
1262.545059582710,-0.184170985291
1263.283176273330,-0.188867174487
1264.021292963950,-0.189677667012
1264.759409654570,-0.199044074741
1265.497526345190,-0.201053167524
1266.235643035810,-0.201770131170
1266.973759726430,-0.201887942394
1267.711876417050,-0.200324695686
1268.449993107670,-0.201133883096
1269.188109798290,-0.204683611405
1269.926226488910,-0.201706992417
1270.664343179530,-0.192035120703
1271.402459870150,-0.189657844221
1272.140576560770,-0.189335908135
1272.878693251390,-0.189344763796
1273.616809942000,-0.189961319042
1274.354926632620,-0.194496538381
1275.093043323240,-0.199928242110
1275.831160013860,-0.190949378332
1276.569276704480,-0.194911651946
1277.307393395100,-0.197704187929
1278.045510085720,-0.202203665366
1278.783626776340,-0.206731577869
1279.521743466960,-0.209265704826
1280.259860157580,-0.212257014849
1280.997976848200,-0.218908727947
1281.736093538820,-0.229784704585
1282.474210229440,-0.233114222764
1283.212326920060,-0.237508643290
1283.950443610680,-0.237199144593
1284.688560301300,-0.236212266670
1285.426676991920,-0.231229949251
1286.164793682540,-0.224197573651
1286.902910373160,-0.223386904938
1287.641027063780,-0.220043912881
1288.379143754400,-0.219867040618
1289.117260445020,-0.219208084653
1289.855377135640,-0.221247253387
1290.593493826260,-0.221793701135
1291.331610516880,-0.219163910268
1292.069727207500,-0.215473946866
1292.807843898120,-0.213428577467
1293.545960588740,-0.211009130000
1294.284077279360,-0.207139762383
1295.022193969980,-0.205522823455
1295.760310660600,-0.198665472071
1296.498427351220,-0.194034259653
1297.236544041840,-0.196707791247
1297.974660732460,-0.197152321776
1298.712777423080,-0.194612804245
1299.450894113700,-0.189847143851
1300.189010804320,-0.180846994416
1300.927127494940,-0.172213705476
1301.665244185560,-0.171475869349
1302.403360876180,-0.166741625042
1303.141477566800,-0.164877249079
1303.879594257420,-0.162712551984
1304.617710948040,-0.157941416298
1305.355827638660,-0.152636393446
1306.093944329280,-0.150745573859
1306.832061019890,-0.150809769118
1307.570177710510,-0.146018262996
1308.308294401130,-0.138462676146
1309.046411091750,-0.134900277759
1309.784527782370,-0.128600151842
1310.522644472990,-0.128177099322
1311.260761163610,-0.127437828635
1311.998877854230,-0.121604215930
1312.736994544850,-0.111704277083
1313.475111235470,-0.111856240130
1314.213227926090,-0.109293104517
1314.951344616710,-0.099193324499
1315.689461307330,-0.092827589725
1316.427577997950,-0.089156026417
1317.165694688570,-0.083868063297
1317.903811379190,-0.081859029532
1318.641928069810,-0.084501890840
1319.380044760430,-0.085990705853
1320.118161451050,-0.085883877246
1320.856278141670,-0.088018751954
1321.594394832290,-0.083869384032
1322.332511522910,-0.082216137164
1323.070628213530,-0.087402654739
1323.808744904150,-0.085590186300
1324.546861594770,-0.083673536011
1325.284978285390,-0.076899779607
1326.023094976010,-0.080171320736
1326.761211666630,-0.084381294447
1327.499328357250,-0.086323341290
1328.237445047870,-0.088664901525
1328.975561738490,-0.088177527288
1329.713678429110,-0.086653571747
1330.451795119730,-0.089727450007
1331.189911810350,-0.091246322726
1331.928028500970,-0.087426398418
1332.666145191590,-0.086780265211
1333.404261882210,-0.087246496695
1334.142378572830,-0.085314522152
1334.880495263450,-0.091684838641
1335.618611954070,-0.092808101705
1336.356728644690,-0.098724797188
1337.094845335310,-0.099523796085
1337.832962025930,-0.098013998284
1338.571078716540,-0.096105785246
1339.309195407160,-0.095429026491
1340.047312097780,-0.093887937543
1340.785428788400,-0.092422478246
1341.523545479020,-0.087304956390
1342.261662169640,-0.082124176124
1342.999778860260,-0.081311537021
1343.737895550880,-0.080745151930
1344.476012241500,-0.082671211200
1345.214128932120,-0.075925096315
1345.952245622740,-0.071869992314
1346.690362313360,-0.068692695495
1347.428479003980,-0.061514940510
1348.166595694600,-0.057346853243
1348.904712385220,-0.055816022954
1349.642829075840,-0.053829885078
1350.380945766460,-0.047946232708
1351.119062457080,-0.046648668684
1351.857179147700,-0.041185122414
1352.595295838320,-0.037540845028
1353.333412528940,-0.034337213320
1354.071529219560,-0.029326779561
1354.809645910180,-0.026311471777
1355.547762600800,-0.018302749083
1356.285879291420,-0.017335858356
1357.023995982040,-0.013600619657
1357.762112672660,-0.008228140687
1358.500229363280,-0.007408752043
1359.238346053900,-0.006744958393
1359.976462744520,0.000045583577
1360.714579435140,0.001118434667
1361.452696125760,-0.000486672617
1362.190812816380,0.001615539303
1362.928929507000,0.002359383475
1363.667046197620,0.004658652207
1364.405162888240,0.004857849265
1365.143279578860,0.003733980046
1365.881396269480,0.007634275503
1366.619512960100,0.010603428535
1367.357629650720,0.008964336757
1368.095746341340,0.013066703316
1368.833863031960,0.012011943185
1369.571979722580,0.011549908009
1370.310096413190,0.012108407416
1371.048213103810,0.010095119990
1371.786329794430,0.014478108210
1372.524446485050,0.018326796006
1373.262563175670,0.020147021040
1374.000679866290,0.022700228133
1374.738796556910,0.025925582124
1375.476913247530,0.028874319698
1376.215029938150,0.028408987420
1376.953146628770,0.025563822814
1377.691263319390,0.028078434364
1378.429380010010,0.034219684934
1379.167496700630,0.034079265065
1379.905613391250,0.036860051895
1380.643730081870,0.042025814365
1381.381846772490,0.048008416128
1382.119963463110,0.051896384836
1382.858080153730,0.056244064203
1383.596196844350,0.060527943846
1384.334313534970,0.069178676451
1385.072430225590,0.068949472969
1385.810546916210,0.072438813427
1386.548663606830,0.078183118447
1387.286780297450,0.087486269576
1388.024896988070,0.096553096778
1388.763013678690,0.096895291902
1389.501130369310,0.099997812910
1390.239247059930,0.109361164772
1390.977363750550,0.117092498998
1391.715480441170,0.123181342103
1392.453597131790,0.132850275577
1393.191713822410,0.134450162349
1393.929830513030,0.135298323721
1394.667947203650,0.140284771897
1395.406063894270,0.141545268292
1396.144180584890,0.146290420236
1396.882297275510,0.147215748040
1397.620413966130,0.145982736961
1398.358530656750,0.141388309468
1399.096647347370,0.139582515647
1399.834764037990,0.136228533986
1400.572880728610,0.134276411380
1401.310997419230,0.127918225159
1402.049114109850,0.123134562385
1402.787230800470,0.114582465977
1403.525347491080,0.102972121242
1404.263464181700,0.100062137078
1405.001580872320,0.095928802512
1405.739697562940,0.088958916285
1406.477814253560,0.082064493132
1407.215930944180,0.077251779779
1407.954047634800,0.072052299290
1408.692164325420,0.064377968647
1409.430281016040,0.058320339141
1410.168397706660,0.051660549967
1410.906514397280,0.046887177559
1411.644631087900,0.039016813842
1412.382747778520,0.031773570600
1413.120864469140,0.024900743722
1413.858981159760,0.020709711480
1414.597097850380,0.013234471359
1415.335214541000,0.004387567220
1416.073331231620,-0.004572907824
1416.811447922240,-0.012480779952
1417.549564612860,-0.024249284752
1418.287681303480,-0.037026054137
1419.025797994100,-0.046976912172
1419.763914684720,-0.054726974293
1420.502031375340,-0.063148791735
1421.240148065960,-0.077728829566
1421.978264756580,-0.090107048741
1422.716381447200,-0.102059216380
1423.454498137820,-0.117670864919
1424.192614828440,-0.135569090721
1424.930731519060,-0.151389092048
1425.668848209680,-0.165438361394
1426.406964900300,-0.180073649198
1427.145081590920,-0.196225139278
1427.883198281540,-0.211441183545
1428.621314972160,-0.225737766464
1429.359431662780,-0.240597809416
1430.097548353400,-0.255738802196
1430.835665044020,-0.266424802157
1431.573781734640,-0.279792380496
1432.311898425260,-0.290855087715
1433.050015115880,-0.304293801669
1433.788131806500,-0.319547822481
1434.526248497120,-0.331863209605
1435.264365187740,-0.341615844271
1436.002481878350,-0.351328427207
1436.740598568970,-0.363791180509
1437.478715259590,-0.377651452440
1438.216831950210,-0.386488613290
1438.954948640830,-0.399191753967
1439.693065331450,-0.405537010829
1440.431182022070,-0.411393109879
1441.169298712690,-0.423653811150
1441.907415403310,-0.436609304541
1442.645532093930,-0.444015614878
1443.383648784550,-0.450188200944
1444.121765475170,-0.455279572525
1444.859882165790,-0.461064009602
1445.597998856410,-0.469806102590
1446.336115547030,-0.476861035435
1447.074232237650,-0.483149300137
1447.812348928270,-0.491875191884
1448.550465618890,-0.496036224578
1449.288582309510,-0.505740788199
1450.026699000130,-0.510807078666
1450.764815690750,-0.518119596823
1451.502932381370,-0.525300605003
1452.241049071990,-0.529671548854
1452.979165762610,-0.535596456500
1453.717282453230,-0.543176236093
1454.455399143850,-0.551280298609
1455.193515834470,-0.558354263488
1455.931632525090,-0.561040455840
1456.669749215710,-0.561560240781
1457.407865906330,-0.567403456159
1458.145982596950,-0.571006956155
1458.884099287570,-0.573764527043
1459.622215978190,-0.580867868391
1460.360332668810,-0.582107271300
1461.098449359430,-0.582489786686
1461.836566050050,-0.589456305724
1462.574682740670,-0.597583829886
1463.312799431290,-0.603048739348
1464.050916121910,-0.605889974043
1464.789032812530,-0.611075928659
1465.527149503150,-0.616856829430
1466.265266193770,-0.621233401469
1467.003382884390,-0.628497993767
1467.741499575010,-0.632466777580
1468.479616265620,-0.634136796281
1469.217732956240,-0.643373709885
1469.955849646860,-0.643768131136
1470.693966337480,-0.645954676586
1471.432083028100,-0.650158931681
1472.170199718720,-0.661765722704
1472.908316409340,-0.666206201508
1473.646433099960,-0.669840896356
1474.384549790580,-0.676331003530
1475.122666481200,-0.682974150634
1475.860783171820,-0.687459395453
1476.598899862440,-0.689954150471
1477.337016553060,-0.693763137319
1478.075133243680,-0.698704325313
1478.813249934300,-0.704101413990
1479.551366624920,-0.710739524021
1480.289483315540,-0.716024425838
1481.027600006160,-0.726889906330
1481.765716696780,-0.730479379150
1482.503833387400,-0.731620100248
1483.241950078020,-0.731037182390
1483.980066768640,-0.734178275691
1484.718183459260,-0.735758313872
1485.456300149880,-0.732962507904
1486.194416840500,-0.731416979746
1486.932533531120,-0.730822939695
1487.670650221740,-0.730454087995
1488.408766912360,-0.730008467526
1489.146883602980,-0.728297582544
1489.885000293600,-0.729084812208
1490.623116984220,-0.727343021656
1491.361233674840,-0.722375608224
1492.099350365460,-0.717270931187
1492.837467056080,-0.712714313873
1493.575583746700,-0.713126882593
1494.313700437320,-0.712625471156
1495.051817127940,-0.704538901181
1495.789933818560,-0.700542535530
1496.528050509180,-0.699305000765
1497.266167199800,-0.701427921988
1498.004283890420,-0.700275021647
1498.742400581040,-0.698520597855
1499.480517271660,-0.700700757741
1500.218633962280,-0.702172718620
1500.956750652890,-0.702380561231
1501.694867343510,-0.704362390763
1502.432984034130,-0.707352369988
1503.171100724750,-0.708972623393
1503.909217415370,-0.713312151140
1504.647334105990,-0.719839248623
1505.385450796610,-0.725952927347
1506.123567487230,-0.732844471141
1506.861684177850,-0.736038374635
1507.599800868470,-0.737474684195
1508.337917559090,-0.735979968795
1509.076034249710,-0.740907059310
1509.814150940330,-0.745629724021
1510.552267630950,-0.745160592443
1511.290384321570,-0.742963449631
1512.028501012190,-0.744513879136
1512.766617702810,-0.745976123405
1513.504734393430,-0.747799755570
1514.242851084050,-0.752624834579
1514.980967774670,-0.757450691057
1515.719084465290,-0.758416917708
1516.457201155910,-0.756979342384
1517.195317846530,-0.758439801865
1517.933434537150,-0.761199807503
1518.671551227770,-0.765956636594
1519.409667918390,-0.772367021535
1520.147784609010,-0.773599801183
1520.885901299630,-0.764079957252
1521.624017990250,-0.760745743159
1522.362134680870,-0.765823761013
1523.100251371490,-0.766359393103
1523.838368062110,-0.765714620881
1524.576484752730,-0.759961667831
1525.314601443350,-0.756311590794
1526.052718133970,-0.754338948383
1526.790834824590,-0.750918302676
1527.528951515210,-0.746270924026
1528.267068205830,-0.742255381655
1529.005184896450,-0.736813019150
1529.743301587070,-0.731075952297
1530.481418277690,-0.723170942392
1531.219534968310,-0.715284038821
1531.957651658930,-0.719753853301
1532.695768349550,-0.719504180156
1533.433885040160,-0.716700446985
1534.172001730780,-0.716244155128
1534.910118421400,-0.712822393112
1535.648235112020,-0.716882941646
1536.386351802640,-0.713355337215
1537.124468493260,-0.709519767541
1537.862585183880,-0.707270196414
1538.600701874500,-0.716186605871
1539.338818565120,-0.716630023766
1540.076935255740,-0.713732799124
1540.815051946360,-0.713867956811
1541.553168636980,-0.715678127470
1542.291285327600,-0.717118781199
1543.029402018220,-0.718954547081
1543.767518708840,-0.721554406637
1544.505635399460,-0.718567374961
1545.243752090080,-0.714773822181
1545.981868780700,-0.715747693324
1546.719985471320,-0.712396614958
1547.458102161940,-0.708390106101
1548.196218852560,-0.701309025729
1548.934335543180,-0.698691866535
1549.672452233800,-0.691492199167
1550.410568924420,-0.690532494236
1551.148685615040,-0.692515831833
1551.886802305660,-0.692334058042
1552.624918996280,-0.689496203342
1553.363035686900,-0.690300788791
1554.101152377520,-0.691057667738
1554.839269068140,-0.688480637771
1555.577385758760,-0.686892410306
1556.315502449380,-0.685289248980
1557.053619140000,-0.679249558383
1557.791735830620,-0.673514126800
1558.529852521240,-0.673818971781
1559.267969211860,-0.679079822310
1560.006085902480,-0.681138118408
1560.744202593100,-0.685104312288
1561.482319283720,-0.687128419477
1562.220435974340,-0.684167215535
1562.958552664960,-0.677028314038
1563.696669355580,-0.675562069319
1564.434786046200,-0.675224247359
1565.172902736820,-0.672623759497
1565.911019427430,-0.669051078373
1566.649136118050,-0.665001895842
1567.387252808670,-0.665543955925
1568.125369499290,-0.667996014478
1568.863486189910,-0.668493335494
1569.601602880530,-0.672826613955
1570.339719571150,-0.670531774073
1571.077836261770,-0.662515898252
1571.815952952390,-0.653888770821
1572.554069643010,-0.645507436478
1573.292186333630,-0.649554140876
1574.030303024250,-0.657471012685
1574.768419714870,-0.657310527910
1575.506536405490,-0.655147672635
1576.244653096110,-0.654995252356
1576.982769786730,-0.661490132236
1577.720886477350,-0.668981068354
1578.459003167970,-0.670607094908
1579.197119858590,-0.671814898933
1579.935236549210,-0.679660706552
1580.673353239830,-0.678915799571
1581.411469930450,-0.682896729866
1582.149586621070,-0.692206597589
1582.887703311690,-0.697371135184
1583.625820002310,-0.705172059716
1584.363936692930,-0.703211333986
1585.102053383550,-0.698505042417
1585.840170074170,-0.696490786273
1586.578286764790,-0.697484277372
1587.316403455410,-0.698831283517
1588.054520146030,-0.696570293853
1588.792636836650,-0.698198477084
1589.530753527270,-0.700293684226
1590.268870217890,-0.703496262730
1591.006986908510,-0.705285145555
1591.745103599130,-0.708144176044
1592.483220289750,-0.711976592232
1593.221336980370,-0.718414772228
1593.959453670990,-0.718700355692
1594.697570361610,-0.721083564662
1595.435687052230,-0.726757201833
1596.173803742850,-0.728754859461
1596.911920433470,-0.738547599691
1597.650037124080,-0.740633342339
1598.388153814700,-0.743404814287
1599.126270505320,-0.744766441002
1599.864387195940,-0.740555899304
1600.602503886560,-0.744266419422
1601.340620577180,-0.747672603394
1602.078737267800,-0.747317143982
1602.816853958420,-0.748860221960
1603.554970649040,-0.743058850865
1604.293087339660,-0.740883889423
1605.031204030280,-0.741693325600
1605.769320720900,-0.744120136207
1606.507437411520,-0.749617290439
1607.245554102140,-0.751966588299
1607.983670792760,-0.747947199225
1608.721787483380,-0.750010915068
1609.459904174000,-0.751318426732
1610.198020864620,-0.753488021268
1610.936137555240,-0.756240151479
1611.674254245860,-0.751617289609
1612.412370936480,-0.748214611301
1613.150487627100,-0.747420597622
1613.888604317720,-0.747755805773
1614.626721008340,-0.753140432263
1615.364837698960,-0.752282565572
1616.102954389580,-0.751776521535
1616.841071080200,-0.747027990552
1617.579187770820,-0.740323437476
1618.317304461440,-0.745135533984
1619.055421152060,-0.751413493966
1619.793537842680,-0.754739184579
1620.531654533300,-0.757538663594
1621.269771223920,-0.761782866766
1622.007887914540,-0.762206054318
1622.746004605160,-0.763095236945
1623.484121295780,-0.768229448289
1624.222237986400,-0.774001416417
1624.960354677020,-0.774696818807
1625.698471367640,-0.773943022867
1626.436588058260,-0.774172496992
1627.174704748880,-0.781713013006
1627.912821439500,-0.786816330766
1628.650938130120,-0.787411313186
1629.389054820740,-0.787288868940
1630.127171511360,-0.789090128852
1630.865288201970,-0.791568719232
1631.603404892590,-0.791381032135
1632.341521583210,-0.789490540012
1633.079638273830,-0.796736792647
1633.817754964450,-0.802092628767
1634.555871655070,-0.802106385791
1635.293988345690,-0.798049568127
1636.032105036310,-0.795740324800
1636.770221726930,-0.797913916042
1637.508338417550,-0.801008936285
1638.246455108170,-0.792617979981
1638.984571798790,-0.790572973870
1639.722688489410,-0.791285387527
1640.460805180030,-0.792275363381
1641.198921870650,-0.788861042664
1641.937038561270,-0.784712150892
1642.675155251890,-0.780512226733
1643.413271942510,-0.778282021277
1644.151388633130,-0.773196436474
1644.889505323750,-0.766877274751
1645.627622014370,-0.764720076989
1646.365738704990,-0.770793962983
1647.103855395610,-0.776506458554
1647.841972086230,-0.779263833085
1648.580088776850,-0.778009740132
1649.318205467470,-0.782021579919
1650.056322158090,-0.786102403858
1650.794438848710,-0.788067250298
1651.532555539330,-0.791737236309
1652.270672229950,-0.796936259430
1653.008788920570,-0.796922176356
1653.746905611190,-0.800236445549
1654.485022301810,-0.805375942455
1655.223138992430,-0.810154450567
1655.961255683050,-0.815541734066
1656.699372373670,-0.821072769047
1657.437489064290,-0.821883824896
1658.175605754910,-0.824065765098
1658.913722445530,-0.826190423463
1659.651839136150,-0.830506346884
1660.389955826770,-0.837348754584
1661.128072517390,-0.837832184491
1661.866189208010,-0.842204482320
1662.604305898620,-0.841903948746
1663.342422589240,-0.842797877877
1664.080539279860,-0.853924730956
1664.818655970480,-0.865641939654
1665.556772661100,-0.874635661760
1666.294889351720,-0.883613586911
1667.033006042340,-0.895598357101
1667.771122732960,-0.903082354959
1668.509239423580,-0.914132371404
1669.247356114200,-0.925220633256
1669.985472804820,-0.931656085091
1670.723589495440,-0.939450456053
1671.461706186060,-0.945877525913
1672.199822876680,-0.953380011232
1672.937939567300,-0.962295120917
1673.676056257920,-0.975942992242
1674.414172948540,-0.987619005075
1675.152289639160,-0.994761485785
1675.890406329780,-0.999701451354
1676.628523020400,-1.003091555657
1677.366639711020,-1.004950580625
1678.104756401640,-1.005528688886
1678.842873092260,-1.009021303460
1679.580989782880,-1.013370576718
1680.319106473500,-1.014985819194
1681.057223164120,-1.022280454647
1681.795339854740,-1.032029080851
1682.533456545360,-1.037528447422
1683.271573235980,-1.045634913201
1684.009689926600,-1.052390293017
1684.747806617220,-1.052485823538
1685.485923307840,-1.054091947433
1686.224039998460,-1.057780000383
1686.962156689080,-1.061050861488
1687.700273379700,-1.066793033678
1688.438390070320,-1.070579825912
1689.176506760940,-1.077700442312
1689.914623451560,-1.087092840553
1690.652740142180,-1.091410768334
1691.390856832800,-1.098114098952
1692.128973523420,-1.109009845840
1692.867090214040,-1.116146131197
1693.605206904660,-1.125508254505
1694.343323595280,-1.135820038141
1695.081440285890,-1.142715448129
1695.819556976510,-1.153413696315
1696.557673667130,-1.167686199181
1697.295790357750,-1.183593866511
1698.033907048370,-1.194177457032
1698.772023738990,-1.201718430570
1699.510140429610,-1.212377433090
1700.248257120230,-1.221212972103
1700.986373810850,-1.224506820763
1701.724490501470,-1.228729409338
1702.462607192090,-1.233811278688
1703.200723882710,-1.233238269758
1703.938840573330,-1.234220239921
1704.676957263950,-1.237209950685
1705.415073954570,-1.242977419578
1706.153190645190,-1.251223251963
1706.891307335810,-1.258612472714
1707.629424026430,-1.261503770425
1708.367540717050,-1.257547356625
1709.105657407670,-1.265979178994
1709.843774098290,-1.268648185722
1710.581890788910,-1.274658111553
1711.320007479530,-1.286961193210
1712.058124170150,-1.295530623045
1712.796240860770,-1.302425556981
1713.534357551390,-1.305238844712
1714.272474242010,-1.308899938850
1715.010590932630,-1.314852256216
1715.748707623250,-1.318944386954
1716.486824313870,-1.317652070887
1717.224941004490,-1.318752772213
1717.963057695110,-1.317858489517
1718.701174385730,-1.321486482286
1719.439291076350,-1.322077714811
1720.177407766970,-1.316188534642
1720.915524457590,-1.320909942461
1721.653641148210,-1.324578496968
1722.391757838830,-1.314283973444
1723.129874529450,-1.318925985542
1723.867991220070,-1.314343203136
1724.606107910690,-1.319551261919
1725.344224601310,-1.330298959611
1726.082341291930,-1.347907689297
1726.820457982550,-1.359052967152
1727.558574673160,-1.374817376823
1728.296691363780,-1.379740787139
1729.034808054400,-1.380609662180
1729.772924745020,-1.381140474163
1730.511041435640,-1.384369477030
1731.249158126260,-1.396317334661
1731.987274816880,-1.402773867019
1732.725391507500,-1.402811093046
1733.463508198120,-1.408427173283
1734.201624888740,-1.404403118613
1734.939741579360,-1.412962452865
1735.677858269980,-1.417563681270
1736.415974960600,-1.420921793270
1737.154091651220,-1.409469688696
1737.892208341840,-1.405899852318
1738.630325032460,-1.396190365626
1739.368441723080,-1.392568053641
1740.106558413700,-1.394518718498
1740.844675104320,-1.396104941566
1741.582791794940,-1.402195996871
1742.320908485560,-1.402528250827
1743.059025176180,-1.402755257371
1743.797141866800,-1.405507175551
1744.535258557420,-1.410039892242
1745.273375248040,-1.414828404042
1746.011491938660,-1.420183735245
1746.749608629280,-1.427132589934
1747.487725319900,-1.432203282903
1748.225842010520,-1.437150309069
1748.963958701140,-1.440105599969
1749.702075391760,-1.443502455842
1750.440192082380,-1.448903823481
1751.178308773000,-1.453346401530
1751.916425463620,-1.453498423097
1752.654542154240,-1.453210815482
1753.392658844860,-1.451075806384
1754.130775535480,-1.454595382857
1754.868892226100,-1.455960277531
1755.607008916720,-1.454872489395
1756.345125607340,-1.458376956353
1757.083242297960,-1.458304366506
1757.821358988580,-1.453357385796
1758.559475679200,-1.446556197269
1759.297592369820,-1.439871652454
1760.035709060430,-1.442518767293
1760.773825751050,-1.446985404605
1761.511942441670,-1.449628098667
1762.250059132290,-1.448609741759
1762.988175822910,-1.454273439037
1763.726292513530,-1.461036534846
1764.464409204150,-1.464561489508
1765.202525894770,-1.466280750030
1765.940642585390,-1.467707129241
1766.678759276010,-1.471070861761
1767.416875966630,-1.470285137178
1768.154992657250,-1.471948462541
1768.893109347870,-1.472857570484
1769.631226038490,-1.470434192998
1770.369342729110,-1.475366905357
1771.107459419730,-1.476776393674
1771.845576110350,-1.475889173524
1772.583692800970,-1.475838643408
1773.321809491590,-1.478737120095
1774.059926182210,-1.473338422756
1774.798042872830,-1.465701066726
1775.536159563450,-1.458796661536
1776.274276254070,-1.453864276225
1777.012392944690,-1.452400961190
1777.750509635310,-1.455146397842
1778.488626325930,-1.455212485726
1779.226743016550,-1.455071129727
1779.964859707170,-1.454757451161
1780.702976397790,-1.452549786339
1781.441093088410,-1.452620228995
1782.179209779030,-1.452057375638
1782.917326469650,-1.454631941460
1783.655443160270,-1.458626885800
1784.393559850890,-1.466752118909
1785.131676541510,-1.474099457154
1785.869793232130,-1.484305863970
1786.607909922750,-1.498271844771
1787.346026613370,-1.509987489991
1788.084143303990,-1.515014402858
1788.822259994610,-1.516690100526
1789.560376685230,-1.524555987940
1790.298493375850,-1.525824008067
1791.036610066470,-1.531702231219
1791.774726757090,-1.538747907541
1792.512843447700,-1.540674388254
1793.250960138320,-1.540547014315
1793.989076828940,-1.540395675638
1794.727193519560,-1.536767758856
1795.465310210180,-1.530234865008
1796.203426900800,-1.531373194474
1796.941543591420,-1.529795843366
1797.679660282040,-1.522653938657
1798.417776972660,-1.521778309314
1799.155893663280,-1.522384509447
1799.894010353900,-1.522690113204
1800.632127044520,-1.521834614076
1801.370243735140,-1.520895966347
1802.108360425760,-1.524411493242
1802.846477116380,-1.530902827225
1803.584593807000,-1.537804733934
1804.322710497620,-1.538756183500
1805.060827188240,-1.537435813491
1805.798943878860,-1.539611094761
1806.537060569480,-1.548271403254
1807.275177260100,-1.545242218950
1808.013293950720,-1.540903461784
1808.751410641340,-1.540568938509
1809.489527331960,-1.536357217905
1810.227644022580,-1.538742556373
1810.965760713200,-1.537083154419
1811.703877403820,-1.534883457966
1812.441994094440,-1.534147745557
1813.180110785060,-1.522698833049
1813.918227475680,-1.515615656229
1814.656344166300,-1.513494159461
1815.394460856920,-1.512796276847
1816.132577547540,-1.514201826673
1816.870694238160,-1.513121639874
1817.608810928780,-1.507196005967
1818.346927619400,-1.506768310760
1819.085044310020,-1.505580321050
1819.823161000640,-1.512103241323
1820.561277691260,-1.509189633432
1821.299394381880,-1.509422667177
1822.037511072500,-1.507918658176
1822.775627763120,-1.510803019203
1823.513744453740,-1.520072193239
1824.251861144350,-1.533624072560
1824.989977834970,-1.541310309892
1825.728094525590,-1.543601933819
1826.466211216210,-1.546629432158
1827.204327906830,-1.548639948322
1827.942444597450,-1.551199603188
1828.680561288070,-1.555812743088
1829.418677978690,-1.559046299623
1830.156794669310,-1.565354559877
1830.894911359930,-1.559804858488
1831.633028050550,-1.563093466526
1832.371144741170,-1.562445639288
1833.109261431790,-1.567511376432
1833.847378122410,-1.568564031332
1834.585494813030,-1.561995173303
1835.323611503650,-1.556758117637
1836.061728194270,-1.550993912028
1836.799844884890,-1.546040983591
1837.537961575510,-1.543350340066
1838.276078266130,-1.548790589460
1839.014194956750,-1.551994936763
1839.752311647370,-1.547960298098
1840.490428337990,-1.549594774683
1841.228545028610,-1.551747607503
1841.966661719230,-1.555319070645
1842.704778409850,-1.559509147872
1843.442895100470,-1.563902143351
1844.181011791090,-1.569235473993
1844.919128481710,-1.573950071481
1845.657245172330,-1.577946018796
1846.395361862950,-1.575392384801
1847.133478553570,-1.584256634537
1847.871595244190,-1.584106559680
1848.609711934810,-1.584654277015
1849.347828625430,-1.583566663004
1850.085945316050,-1.587967712727
1850.824062006670,-1.591521815186
1851.562178697290,-1.591875162113
1852.300295387910,-1.595792140368
1853.038412078530,-1.600299486497
1853.776528769150,-1.599620248487
1854.514645459770,-1.598524637259
1855.252762150390,-1.595417776478
1855.990878841010,-1.591260610532
1856.728995531630,-1.589742137664
1857.467112222240,-1.599819477519
1858.205228912860,-1.593223534789
1858.943345603480,-1.599191173747
1859.681462294100,-1.610583815814
1860.419578984720,-1.608904682784
1861.157695675340,-1.608725374228
1861.895812365960,-1.611080151636
1862.633929056580,-1.619524757391
1863.372045747200,-1.619035247456
1864.110162437820,-1.616934681287
1864.848279128440,-1.614836717815
1865.586395819060,-1.619163470178
1866.324512509680,-1.625450490237
1867.062629200300,-1.627509944764
1867.800745890920,-1.630536755831
1868.538862581540,-1.626130432641
1869.276979272160,-1.633680729230
1870.015095962780,-1.639728451026
1870.753212653400,-1.628995512638
1871.491329344020,-1.626162218597
1872.229446034640,-1.627735203608
1872.967562725260,-1.631964304631
1873.705679415880,-1.632742885197
1874.443796106500,-1.630939471222
1875.181912797120,-1.627030273769
1875.920029487740,-1.629824909187
1876.658146178360,-1.629933548767
1877.396262868980,-1.631390979895
1878.134379559600,-1.636920223711
1878.872496250220,-1.637834587784
1879.610612940840,-1.636276837662
1880.348729631460,-1.627423533172
1881.086846322080,-1.623687502522
1881.824963012700,-1.626007791662
1882.563079703320,-1.638074399454
1883.301196393940,-1.635554457603
1884.039313084560,-1.632431685835
1884.777429775180,-1.630526362155
1885.515546465800,-1.630210876109
1886.253663156420,-1.636618039993
1886.991779847040,-1.638931672282
1887.729896537660,-1.633656074928
1888.468013228280,-1.623469458151
1889.206129918890,-1.614322256591
1889.944246609510,-1.613684823316
1890.682363300130,-1.612583872791
1891.420479990750,-1.616893821316
1892.158596681370,-1.611658586721
1892.896713371990,-1.614885386464
1893.634830062610,-1.610513333941
1894.372946753230,-1.608622076562
1895.111063443850,-1.607052643539
1895.849180134470,-1.601108304799
1896.587296825090,-1.604165147419
1897.325413515710,-1.606707883610
1898.063530206330,-1.609463498385
1898.801646896950,-1.614822744355
1899.539763587570,-1.619951285581
1900.277880278190,-1.622917929472
1901.015996968810,-1.624835581056
1901.754113659430,-1.631698404932
1902.492230350050,-1.627661403424
1903.230347040670,-1.627217845673
1903.968463731290,-1.624407474917
1904.706580421910,-1.624443600901
1905.444697112530,-1.629922327418
1906.182813803150,-1.635237982626
1906.920930493770,-1.642610632174
1907.659047184390,-1.642797066246
1908.397163875010,-1.639367486909
1909.135280565630,-1.631220831091
1909.873397256250,-1.624763865573
1910.611513946870,-1.622969400521
1911.349630637490,-1.619216591646
1912.087747328110,-1.615045966993
1912.825864018730,-1.613751089386
1913.563980709350,-1.617510877515
1914.302097399970,-1.619742966712
1915.040214090590,-1.620041558680
1915.778330781210,-1.617002041643
1916.516447471830,-1.614721748190
1917.254564162450,-1.614744870636
1917.992680853070,-1.615182393012
1918.730797543690,-1.618123827449
1919.468914234310,-1.625454507481
1920.207030924930,-1.628943107008
1920.945147615550,-1.633159323841
1921.683264306170,-1.641826492988
1922.421380996780,-1.646704735904
1923.159497687400,-1.655575089020
1923.897614378020,-1.664633804770
1924.635731068640,-1.668409910161
1925.373847759260,-1.669078459911
1926.111964449880,-1.673679008141
1926.850081140500,-1.678625955053
1927.588197831120,-1.675075497720
1928.326314521740,-1.671186551764
1929.064431212360,-1.667347484003
1929.802547902980,-1.666646870603
1930.540664593600,-1.667895925336
1931.278781284220,-1.679422086159
1932.016897974840,-1.685858924457
1932.755014665460,-1.681124818297
1933.493131356080,-1.678451297444
1934.231248046700,-1.676627686874
1934.969364737320,-1.668066655667
1935.707481427940,-1.669807339935
1936.445598118560,-1.671153244009
1937.183714809180,-1.666331956300
1937.921831499800,-1.662309709266
1938.659948190420,-1.664090376757
1939.398064881040,-1.658297944632
1940.136181571660,-1.655267354121
1940.874298262280,-1.657341833705
1941.612414952900,-1.655307675863
1942.350531643520,-1.649632754524
1943.088648334140,-1.646422444510
1943.826765024760,-1.645454948534
1944.564881715380,-1.647289602214
1945.302998406000,-1.649124255893
1946.041115096620,-1.650958909572
1946.779231787240,-1.652793563252
1947.517348477860,-1.654628216931
1948.255465168480,-1.656462870610
1948.993581859100,-1.658297524290
